{"cameraMode":{"drawMode":0,"name":"Shaded","section":"Shading Mode"},"sceneLighting":false,"audioPlay":false,"sceneViewState":{"showFog":false,"showMaterialUpdate":false,"showSkybox":false,"showFlares":false,"showImageEffects":true,"showParticleSystems":true},"in2DMode":false,"pivot":{"x":182.2289581298828,"y":-0.47692346572875979,"z":-449.6069030761719},"rotation":{"x":-0.19938234984874726,"y":0.07399965077638626,"z":-0.015101580880582333,"w":-0.9770070314407349},"size":146.6302947998047,"orthographic":false}