{"cameraMode":{"drawMode":0,"name":"Shaded","section":"Shading Mode"},"sceneLighting":false,"audioPlay":false,"sceneViewState":{"showFog":false,"showMaterialUpdate":false,"showSkybox":false,"showFlares":false,"showImageEffects":true,"showParticleSystems":true},"in2DMode":false,"pivot":{"x":-328.88311767578127,"y":15.847671508789063,"z":139.33587646484376},"rotation":{"x":-0.17600305378437043,"y":0.2825865149497986,"z":-0.05282789468765259,"w":-0.9414759874343872},"size":464.9927062988281,"orthographic":false}